data_hora,amostra_vaga,resultado_bruto
2025-09-01 16:23:07,"Estamos contratando Analista de Vendas B2B para atuar no setor de tecnologia. 
A empresa est√° em expans√£o e recentemente abriu novas filiais em S√£o Paulo e Bel...","üîé Sinais de crescimento: sim ‚Äî men√ß√µes a contrata√ß√£o/expans√£o
üî• Classifica√ß√£o: QUENTE ‚Äì stack e momento aderentes

üì® Mensagem sugerida:
Ol√°, tudo bem? Vi a publica√ß√£o de Analista De Vendas B e percebi pontos que podemos acelerar.
Trabalhamos com prospec√ß√£o inteligente: identificamos empresas-alvo, qualificamos por sinais de compra e geramos abordagens personalizadas. Isso reduz o tempo de pr√©-vendas e aumenta convers√£o.
Podemos conectar com o CRM de voc√™s (ex.: HubSpot/RD Station) e entregar leads j√° priorizados.
Se fizer sentido, te mostro um piloto em 20 minutos ainda esta semana."
2025-09-01 16:59:05,"Estamos contratando Analista de Vendas B2B para atuar no setor de tecnologia. 
A empresa est√° em expans√£o e recentemente abriu novas filiais em S√£o Paulo e Bel...","üîé Sinais de crescimento: sim ‚Äî men√ß√µes a contrata√ß√£o/expans√£o
üî• Classifica√ß√£o: QUENTE ‚Äì stack e momento aderentes

üì® Mensagem sugerida:
Ol√°, tudo bem? Vi a publica√ß√£o de Analista De Vendas B e percebi pontos que podemos acelerar.
Trabalhamos com prospec√ß√£o inteligente: identificamos empresas-alvo, qualificamos por sinais de compra e geramos abordagens personalizadas. Isso reduz o tempo de pr√©-vendas e aumenta convers√£o.
Podemos conectar com o CRM de voc√™s (ex.: HubSpot/RD Station) e entregar leads j√° priorizados.
Se fizer sentido, te mostro um piloto em 20 minutos ainda esta semana."
2025-09-01 17:10:14,"Estamos contratando Analista de Vendas B2B para atuar no setor de tecnologia. 
A empresa est√° em expans√£o e recentemente abriu novas filiais em S√£o Paulo e Bel...","üîé Sinais de crescimento: sim ‚Äî men√ß√µes a contrata√ß√£o/expans√£o
üî• Classifica√ß√£o: QUENTE ‚Äì stack e momento aderentes

üì® Mensagem sugerida:
Ol√°, tudo bem? Vi a publica√ß√£o de Analista De Vendas B e percebi pontos que podemos acelerar.
Trabalhamos com prospec√ß√£o inteligente: identificamos empresas-alvo, qualificamos por sinais de compra e geramos abordagens personalizadas. Isso reduz o tempo de pr√©-vendas e aumenta convers√£o.
Podemos conectar com o CRM de voc√™s (ex.: HubSpot/RD Station) e entregar leads j√° priorizados.
Se fizer sentido, te mostro um piloto em 20 minutos ainda esta semana."
2025-09-01 17:12:55,"Estamos contratando Analista de Vendas B2B para atuar no setor de tecnologia. 
A empresa est√° em expans√£o e recentemente abriu novas filiais em S√£o Paulo e Bel...","üîé Sinais de crescimento: sim ‚Äî men√ß√µes a contrata√ß√£o/expans√£o
üî• Classifica√ß√£o: QUENTE ‚Äì stack e momento aderentes

üì® Mensagem sugerida:
Ol√°, tudo bem? Vi a publica√ß√£o de Analista De Vendas B e percebi pontos que podemos acelerar.
Trabalhamos com prospec√ß√£o inteligente: identificamos empresas-alvo, qualificamos por sinais de compra e geramos abordagens personalizadas. Isso reduz o tempo de pr√©-vendas e aumenta convers√£o.
Podemos conectar com o CRM de voc√™s (ex.: HubSpot/RD Station) e entregar leads j√° priorizados.
Se fizer sentido, te mostro um piloto em 20 minutos ainda esta semana."
2025-09-01 17:13:42,"Estamos contratando Analista de Vendas B2B para atuar no setor de tecnologia. 
A empresa est√° em expans√£o e recentemente abriu novas filiais em S√£o Paulo e Bel...","üîé Sinais de crescimento: sim ‚Äî men√ß√µes a contrata√ß√£o/expans√£o
üî• Classifica√ß√£o: QUENTE ‚Äì stack e momento aderentes

üì® Mensagem sugerida:
Ol√°, tudo bem? Vi a publica√ß√£o de Analista De Vendas B e percebi pontos que podemos acelerar.
Trabalhamos com prospec√ß√£o inteligente: identificamos empresas-alvo, qualificamos por sinais de compra e geramos abordagens personalizadas. Isso reduz o tempo de pr√©-vendas e aumenta convers√£o.
Podemos conectar com o CRM de voc√™s (ex.: HubSpot/RD Station) e entregar leads j√° priorizados.
Se fizer sentido, te mostro um piloto em 20 minutos ainda esta semana."
2025-09-01 19:06:57,pt,vagas,software companies hiring developers remote,,"Modo demonstra√ß√£o: sem IA e sem URLs para validar.
Forne√ßa URLs, use CSV, ou ative a busca autom√°tica."
2025-09-01 19:07:38,pt,vagas,software companies hiring developers remote,,"Modo demonstra√ß√£o: sem IA e sem URLs para validar.
Forne√ßa URLs, use CSV, ou ative a busca autom√°tica."
2025-09-01 19:08:00,fr,vagas,startups contratando analistas de marketing 2025,,"Modo demonstra√ß√£o: sem IA e sem URLs para validar.
Forne√ßa URLs, use CSV, ou ative a busca autom√°tica."
2025-09-01 19:17:16,fr,vagas,startups contratando analistas de marketing 2025,,"Modo demonstra√ß√£o: sem IA e sem URLs para validar.
Forne√ßa URLs, use CSV, ou ative a busca autom√°tica."
2025-09-01 19:17:17,fr,vagas,startups contratando analistas de marketing 2025,,"Modo demonstra√ß√£o: sem IA e sem URLs para validar.
Forne√ßa URLs, use CSV, ou ative a busca autom√°tica."
2025-09-01 19:18:34,pt,vagas,,Validar se a empresa Tesla est√° contratando engenheiros.,"{'url': 'Validar se a empresa Tesla est√° contratando engenheiros.', 'encontrado': 'N/A', 'evidencia': 'ERROR: InvalidURL: Failed to parse: Validar se a empresa Tesla est√° contratando engenheiros.', 'obs': 'Falha ao acessar'}"
2025-09-01 19:21:36,pt,vagas,Validar se a empresa Tesla est√° contratando engenheiros.,https://www.tesla.com/careers;https://boards.greenhouse.io/stripe;https://jobs.lever.co/openai,"{'url': 'https://www.tesla.com/careers', 'encontrado': 'Sim', 'evidencia': 'Careers | Tesla', 'obs': 'Heur√≠stica local (demo)'}
{'url': 'https://boards.greenhouse.io/stripe', 'encontrado': 'N/A', 'evidencia': ""ERROR: ConnectionError: HTTPSConnectionPool(host='stripe.com', port=443): Read timed out."", 'obs': 'Falha ao acessar'}
{'url': 'https://jobs.lever.co/openai', 'encontrado': 'N/A', 'evidencia': 'ERROR: HTTPError: 404 Client Error: Not Found for url: https://jobs.lever.co/openai', 'obs': 'Falha ao acessar'}"
2025-09-01 19:29:33,pt,vagas,Validar se a empresa Tesla est√° contratando engenheiros.,https://www.tesla.com/careers;https://boards.greenhouse.io/stripe;https://jobs.lever.co/openai,"{'url': 'https://www.tesla.com/careers', 'encontrado': 'Sim', 'evidencia': 'Careers | Tesla', 'obs': 'Heur√≠stica local (demo)'}
{'url': 'https://boards.greenhouse.io/stripe', 'encontrado': 'Sim', 'evidencia': 'Stripe Jobs', 'obs': 'Heur√≠stica local (demo)'}
{'url': 'https://jobs.lever.co/openai', 'encontrado': 'N/A', 'evidencia': 'ERROR: HTTPError: 404 Client Error: Not Found for url: https://jobs.lever.co/openai', 'obs': 'Falha ao acessar'}"
2025-09-01 19:35:18,pt,vagas,"Verificar se empresas de software est√£o contratando cargos de vendas B2B (Account Executive, SDR) globalmente.",,"Modo demonstra√ß√£o: sem IA e sem URLs para validar.
Forne√ßa URLs, use CSV, ou ative a busca autom√°tica."
2025-09-01 19:35:30,pt,vagas,"Verificar se empresas de software est√£o contratando cargos de vendas B2B (Account Executive, SDR) globalmente.",,"Modo demonstra√ß√£o: sem IA e sem URLs para validar.
Forne√ßa URLs, use CSV, ou ative a busca autom√°tica."
2025-09-01 19:35:56,pt,vagas,"Verificar se empresas de software est√£o contratando cargos de vendas B2B (Account Executive, SDR) globalmente.",https://www.linkedin.com/company/salesforce/;https://boards.greenhouse.io/cloudflare;https://jobs.lever.co/stripe,"{'url': 'https://www.linkedin.com/company/salesforce/', 'encontrado': 'Sim', 'evidencia': 'Salesforce | LinkedIn', 'obs': 'Heur√≠stica local (demo)'}
{'url': 'https://boards.greenhouse.io/cloudflare', 'encontrado': 'Sim', 'evidencia': 'Open Positions at Cloudflare | Cloudflare', 'obs': 'Heur√≠stica local (demo)'}
{'url': 'https://jobs.lever.co/stripe', 'encontrado': 'N/A', 'evidencia': 'ERROR: HTTPError: 404 Client Error: Not Found for url: https://jobs.lever.co/stripe', 'obs': 'Falha ao acessar'}"
